{
    "epochs": [],
    "train_loss": [
        1948.7579177618027,
        1771.0028014481068
    ],
    "val_loss": [
        455.13471484184265,
        442.12287613749504
    ],
    "train_acc": [
        66.34789156626506,
        71.30220883534136
    ],
    "val_acc": [
        69.83835341365462,
        71.41967871485944
    ],
    "best_val": 71.41967871485944,
    "best_epoch": 1
}