{
    "epochs": [],
    "train_loss": [
        1948.7579177618027,
        1771.0028014481068,
        1741.265576660633,
        1722.466688811779
    ],
    "val_loss": [
        455.13471484184265,
        442.12287613749504,
        437.2502802014351,
        432.6467012465
    ],
    "train_acc": [
        66.34789156626506,
        71.30220883534136,
        72.08433734939759,
        72.51255020080322
    ],
    "val_acc": [
        69.83835341365462,
        71.41967871485944,
        71.90261044176707,
        72.15160642570281
    ],
    "best_val": 72.15160642570281,
    "best_epoch": 3
}