{
    "epochs": [],
    "train_loss": [
        1948.7579177618027
    ],
    "val_loss": [
        455.13471484184265
    ],
    "train_acc": [
        66.34789156626506
    ],
    "val_acc": [
        69.83835341365462
    ],
    "best_val": 69.83835341365462,
    "best_epoch": 0
}