{
    "epochs": [],
    "train_loss": [
        1948.7579177618027,
        1771.0028014481068,
        1741.265576660633,
        1722.466688811779,
        1710.5223910808563,
        1699.4383908212185,
        1691.0149433910847,
        1685.4060187339783,
        1681.644873559475,
        1675.3117879629135,
        1672.7258640527725,
        1668.6680363416672,
        1663.9770230352879,
        1662.3057323098183,
        1658.927869439125,
        1655.220016181469,
        1652.468127131462,
        1649.4997668862343,
        1645.7509447932243,
        1642.9554463922977,
        1639.8004032969475,
        1635.5573051273823,
        1632.2081092894077,
        1629.7302255928516,
        1625.6686809659004,
        1621.2166188657284,
        1618.7094216644764
    ],
    "val_loss": [
        455.13471484184265,
        442.12287613749504,
        437.2502802014351,
        432.6467012465,
        425.0837941169739,
        428.717197984457,
        423.877406924963,
        426.29316836595535,
        422.795225083828,
        423.42400577664375,
        421.7777629196644,
        421.5066642463207,
        418.74328660964966,
        419.5775503218174,
        417.9462950527668,
        417.0901833176613,
        418.13355028629303,
        417.9561694562435,
        419.28973269462585,
        419.54751190543175,
        416.3046959936619,
        417.3388133943081,
        424.6370293200016,
        419.8921719789505,
        420.2965717613697,
        418.3039543926716,
        418.9451824724674
    ],
    "train_acc": [
        66.34789156626506,
        71.30220883534136,
        72.08433734939759,
        72.51255020080322,
        72.74548192771084,
        72.96360441767068,
        73.16064257028113,
        73.2808734939759,
        73.40637550200803,
        73.50175702811245,
        73.5632530120482,
        73.62876506024097,
        73.77510040160642,
        73.79668674698796,
        73.90512048192771,
        73.96611445783132,
        74.05622489959839,
        74.05798192771084,
        74.20381526104417,
        74.19427710843374,
        74.30371485943775,
        74.37725903614458,
        74.46686746987952,
        74.52334337349397,
        74.59889558232932,
        74.62826305220884,
        74.75577309236948
    ],
    "val_acc": [
        69.83835341365462,
        71.41967871485944,
        71.90261044176707,
        72.15160642570281,
        72.95682730923694,
        72.58132530120481,
        73.12048192771084,
        72.64056224899599,
        73.1987951807229,
        72.95080321285141,
        73.18373493975903,
        73.21285140562249,
        73.5933734939759,
        73.53614457831326,
        73.58333333333333,
        73.65863453815261,
        73.59136546184739,
        73.59236947791165,
        73.55923694779116,
        73.44076305220884,
        73.83232931726907,
        73.71586345381526,
        72.89859437751004,
        73.51506024096386,
        73.56124497991968,
        73.67369477911646,
        73.65562248995984
    ],
    "best_val": 73.83232931726907,
    "best_epoch": 20
}