{
    "epochs": [],
    "train_loss": [
        1948.7579177618027,
        1771.0028014481068,
        1741.265576660633,
        1722.466688811779,
        1710.5223910808563,
        1699.4383908212185,
        1691.0149433910847,
        1685.4060187339783,
        1681.644873559475,
        1675.3117879629135,
        1672.7258640527725,
        1668.6680363416672,
        1663.9770230352879,
        1662.3057323098183,
        1658.927869439125,
        1655.220016181469,
        1652.468127131462,
        1649.4997668862343,
        1645.7509447932243,
        1642.9554463922977,
        1639.8004032969475,
        1635.5573051273823,
        1632.2081092894077,
        1629.7302255928516,
        1625.6686809659004,
        1621.2166188657284,
        1618.7094216644764,
        1613.2287853062153,
        1609.142678797245,
        1604.3937471807003,
        1600.1161775290966,
        1594.0389667749405,
        1588.32865563035,
        1582.7505923211575,
        1576.5286808013916,
        1567.6990613341331,
        1562.0772303640842,
        1552.205966502428,
        1545.0408114790916,
        1536.3366752266884,
        1528.2188781499863,
        1519.4876124560833,
        1509.8157601356506,
        1500.4517515003681,
        1490.5075824260712,
        1480.4023607075214,
        1470.0916996002197,
        1458.3462600708008,
        1450.3099048733711,
        1438.326570302248
    ],
    "val_loss": [
        455.13471484184265,
        442.12287613749504,
        437.2502802014351,
        432.6467012465,
        425.0837941169739,
        428.717197984457,
        423.877406924963,
        426.29316836595535,
        422.795225083828,
        423.42400577664375,
        421.7777629196644,
        421.5066642463207,
        418.74328660964966,
        419.5775503218174,
        417.9462950527668,
        417.0901833176613,
        418.13355028629303,
        417.9561694562435,
        419.28973269462585,
        419.54751190543175,
        416.3046959936619,
        417.3388133943081,
        424.6370293200016,
        419.8921719789505,
        420.2965717613697,
        418.3039543926716,
        418.9451824724674,
        421.23023414611816,
        420.6467534303665,
        421.0703508257866,
        421.03972893953323,
        421.6744439601898,
        425.29602444171906,
        428.0015003979206,
        424.4358875155449,
        427.96770933270454,
        426.32376578450203,
        425.2430007457733,
        428.31611317396164,
        436.14124631881714,
        432.88165950775146,
        436.3695269227028,
        443.80795815587044,
        441.62601512670517,
        444.1111565232277,
        452.8960107266903,
        452.5816104412079,
        453.6984914839268,
        457.51171255111694,
        455.81895673274994
    ],
    "train_acc": [
        66.34789156626506,
        71.30220883534136,
        72.08433734939759,
        72.51255020080322,
        72.74548192771084,
        72.96360441767068,
        73.16064257028113,
        73.2808734939759,
        73.40637550200803,
        73.50175702811245,
        73.5632530120482,
        73.62876506024097,
        73.77510040160642,
        73.79668674698796,
        73.90512048192771,
        73.96611445783132,
        74.05622489959839,
        74.05798192771084,
        74.20381526104417,
        74.19427710843374,
        74.30371485943775,
        74.37725903614458,
        74.46686746987952,
        74.52334337349397,
        74.59889558232932,
        74.62826305220884,
        74.75577309236948,
        74.79693775100401,
        74.89909638554217,
        75.03237951807229,
        75.1292670682731,
        75.21034136546184,
        75.3406124497992,
        75.47640562248996,
        75.5519578313253,
        75.76305220883535,
        75.8918172690763,
        76.01330321285141,
        76.14332329317268,
        76.35165662650603,
        76.46611445783132,
        76.67193775100401,
        76.87274096385542,
        76.99548192771084,
        77.20958835341365,
        77.38378514056225,
        77.60617469879519,
        77.77986947791165,
        77.902359437751,
        78.17846385542168
    ],
    "val_acc": [
        69.83835341365462,
        71.41967871485944,
        71.90261044176707,
        72.15160642570281,
        72.95682730923694,
        72.58132530120481,
        73.12048192771084,
        72.64056224899599,
        73.1987951807229,
        72.95080321285141,
        73.18373493975903,
        73.21285140562249,
        73.5933734939759,
        73.53614457831326,
        73.58333333333333,
        73.65863453815261,
        73.59136546184739,
        73.59236947791165,
        73.55923694779116,
        73.44076305220884,
        73.83232931726907,
        73.71586345381526,
        72.89859437751004,
        73.51506024096386,
        73.56124497991968,
        73.67369477911646,
        73.65562248995984,
        73.35642570281125,
        73.59036144578313,
        73.4417670682731,
        73.61546184738955,
        73.54016064257029,
        73.09939759036145,
        73.23192771084338,
        73.51104417670683,
        73.28714859437751,
        73.11546184738955,
        73.29317269076306,
        73.16666666666667,
        72.94377510040161,
        73.00602409638554,
        72.84236947791165,
        72.72690763052209,
        72.73895582329317,
        72.57831325301204,
        72.46184738955823,
        72.394578313253,
        72.33433734939759,
        72.3012048192771,
        72.23795180722891
    ],
    "best_val": 73.83232931726907,
    "best_epoch": 20
}