{
    "epochs": [],
    "train_loss": [
        1948.7579177618027,
        1771.0028014481068,
        1741.265576660633,
        1722.466688811779,
        1710.5223910808563,
        1699.4383908212185,
        1691.0149433910847,
        1685.4060187339783
    ],
    "val_loss": [
        455.13471484184265,
        442.12287613749504,
        437.2502802014351,
        432.6467012465,
        425.0837941169739,
        428.717197984457,
        423.877406924963,
        426.29316836595535
    ],
    "train_acc": [
        66.34789156626506,
        71.30220883534136,
        72.08433734939759,
        72.51255020080322,
        72.74548192771084,
        72.96360441767068,
        73.16064257028113,
        73.2808734939759
    ],
    "val_acc": [
        69.83835341365462,
        71.41967871485944,
        71.90261044176707,
        72.15160642570281,
        72.95682730923694,
        72.58132530120481,
        73.12048192771084,
        72.64056224899599
    ],
    "best_val": 73.12048192771084,
    "best_epoch": 6
}